name,inliers
100_1.jpg,25.0
100_2.jpg,61.0
101_1.jpg,29.0
101_2.jpg,82.0
102_1.jpg,27.0
102_2.jpg,82.0
103_1.jpg,22.0
103_2.jpg,75.0
104_1.jpg,17.0
104_2.jpg,71.0
105_1.jpg,30.0
105_2.jpg,111.0
106_1.jpg,36.0
106_2.jpg,70.0
107_1.jpg,30.0
107_2.jpg,70.0
108_1.jpg,
109_1.jpg,20.0
109_2.jpg,63.0
10_1.jpg,65.0
10_2.jpg,130.0
110_1.jpg,28.0
110_2.jpg,57.0
111_1.jpg,
111_2.jpg,45.0
111_3.jpg,25.0
112_1.jpg,
112_2.jpg,92.0
112_3.jpg,125.0
113_1.jpg,21.0
113_2.jpg,47.0
114_1.jpg,
114_2.jpg,64.0
114_3.jpg,140.0
115_1.jpg,
115_2.jpg,113.0
115_3.jpg,78.0
116_1.jpg,70.0
116_2.jpg,131.0
117_1.jpg,120.0
117_2.jpg,148.0
118_1.jpg,88.0
118_2.jpg,129.0
119_1.jpg,29.0
119_2.jpg,84.0
11_1.jpg,46.0
11_2.jpg,124.0
120_1.jpg,32.0
120_2.jpg,76.0
121_1.jpg,23.0
121_2.jpg,72.0
122_1.jpg,35.0
122_2.jpg,91.0
123_1.jpg,35.0
123_2.jpg,121.0
124_1.jpg,125.0
124_2.jpg,141.0
125_1.jpg,
125_2.jpg,131.0
125_3.jpg,130.0
126_1.jpg,
126_2.jpg,92.0
126_3.jpg,147.0
127_1.jpg,91.0
127_2.jpg,150.0
128_1.jpg,86.0
128_2.jpg,140.0
129_1.jpg,111.0
129_2.jpg,149.0
12_1.jpg,34.0
12_2.jpg,105.0
130_1.jpg,79.0
130_2.jpg,144.0
131_1.jpg,58.0
131_2.jpg,127.0
132_1.jpg,13.0
132_2.jpg,26.0
133_1.jpg,34.0
133_2.jpg,68.0
134_1.jpg,36.0
134_2.jpg,105.0
135_1.jpg,48.0
135_2.jpg,91.0
136_1.jpg,
136_2.jpg,150.0
136_3.jpg,129.0
137_1.jpg,136.0
137_2.jpg,140.0
138_1.jpg,
138_2.jpg,150.0
138_3.jpg,108.0
139_1.jpg,95.0
139_2.jpg,142.0
13_1.jpg,61.0
13_2.jpg,122.0
140_1.jpg,
140_2.jpg,140.0
140_3.jpg,150.0
140_4.jpg,
141_1.jpg,38.0
141_2.jpg,78.0
142_1.jpg,26.0
142_2.jpg,104.0
143_1.jpg,28.0
143_2.jpg,79.0
144_1.jpg,34.0
144_2.jpg,80.0
145_1.jpg,149.0
145_2.jpg,143.0
146_1.jpg,96.0
146_2.jpg,129.0
147_1.jpg,90.0
147_2.jpg,142.0
147_3.jpg,
148_1.jpg,80.0
148_2.jpg,140.0
148_3.jpg,
149_1.jpg,21.0
149_2.jpg,97.0
14_1.jpg,36.0
14_2.jpg,119.0
150_1.jpg,13.0
150_2.jpg,30.0
151_1.jpg,14.0
151_2.jpg,20.0
152_1.jpg,9.0
152_2.jpg,29.0
153_1.jpg,14.0
153_2.jpg,20.0
154_1.jpg,13.0
154_2.jpg,30.0
155_1.jpg,147.0
155_2.jpg,150.0
156_1.jpg,24.0
156_2.jpg,58.0
157_1.jpg,41.0
157_2.jpg,128.0
158_1.jpg,24.0
158_2.jpg,58.0
159_1.jpg,94.0
159_2.jpg,101.0
15_1.jpg,113.0
15_2.jpg,139.0
15_3.jpg,
160_1.jpg,56.0
160_2.jpg,142.0
161_1.jpg,110.0
161_2.jpg,112.0
162_1.jpg,
162_2.jpg,63.0
162_3.jpg,149.0
163_1.jpg,90.0
163_2.jpg,141.0
164_1.jpg,121.0
164_2.jpg,144.0
165_1.jpg,33.0
165_2.jpg,109.0
165_3.jpg,
166_1.jpg,26.0
166_2.jpg,92.0
167_1.jpg,30.0
167_2.jpg,108.0
168_1.jpg,91.0
168_2.jpg,149.0
169_1.jpg,34.0
169_2.jpg,89.0
16_1.jpg,
16_2.jpg,102.0
16_3.jpg,55.0
170_1.jpg,
170_2.jpg,122.0
171_1.jpg,
171_2.jpg,146.0
172_1.jpg,26.0
172_2.jpg,102.0
173_1.jpg,116.0
173_2.jpg,138.0
174_1.jpg,129.0
174_2.jpg,149.0
175_1.jpg,109.0
175_2.jpg,145.0
176_1.jpg,69.0
176_2.jpg,138.0
177_1.jpg,75.0
177_2.jpg,135.0
178_1.jpg,61.0
178_2.jpg,140.0
179_1.jpg,138.0
179_2.jpg,139.0
179_3.jpg,
17_1.jpg,
17_2.jpg,70.0
17_3.jpg,146.0
180_1.jpg,31.0
180_2.jpg,123.0
181_1.jpg,
181_2.jpg,130.0
181_3.jpg,131.0
181_4.jpg,
182_1.jpg,67.0
182_2.jpg,141.0
183_1.jpg,96.0
183_2.jpg,149.0
184_1.jpg,79.0
184_2.jpg,124.0
185_1.jpg,109.0
185_2.jpg,145.0
186_1.jpg,92.0
186_2.jpg,121.0
187_1.jpg,
187_2.jpg,144.0
188_1.jpg,99.0
188_2.jpg,140.0
189_1.jpg,55.0
189_2.jpg,127.0
18_1.jpg,73.0
18_2.jpg,134.0
190_1.jpg,94.0
190_2.jpg,142.0
191_1.jpg,87.0
191_2.jpg,146.0
192_1.jpg,58.0
192_2.jpg,142.0
193_1.jpg,105.0
193_2.jpg,150.0
194_1.jpg,58.0
194_2.jpg,132.0
195_1.jpg,123.0
195_2.jpg,145.0
196_1.jpg,99.0
196_2.jpg,142.0
197_1.jpg,58.0
197_2.jpg,144.0
198_1.jpg,60.0
198_2.jpg,139.0
199_1.jpg,73.0
199_2.jpg,88.0
19_1.jpg,35.0
19_2.jpg,104.0
1_1.jpg,42.0
1_2.jpg,68.0
200_1.jpg,119.0
200_2.jpg,149.0
201_1.jpg,113.0
201_2.jpg,149.0
202_1.jpg,127.0
202_2.jpg,128.0
203_1.jpg,132.0
203_2.jpg,130.0
203_3.jpg,
204_1.jpg,
204_2.jpg,138.0
204_3.jpg,107.0
205_1.jpg,121.0
205_2.jpg,119.0
206_1.jpg,109.0
206_2.jpg,142.0
207_1.jpg,
207_2.jpg,
208_1.jpg,
208_2.jpg,
209_1.jpg,
209_2.jpg,
20_1.jpg,
20_2.jpg,39.0
20_3.jpg,111.0
210_1.jpg,72.0
210_2.jpg,97.0
211_1.jpg,114.0
211_2.jpg,137.0
212_1.jpg,28.0
212_2.jpg,47.0
213_1.jpg,32.0
213_2.jpg,32.0
214_1.jpg,83.0
214_2.jpg,124.0
215_1.jpg,60.0
215_2.jpg,138.0
215_3.jpg,
215_4.jpg,
216_1.jpg,137.0
216_2.jpg,139.0
216_3.jpg,
216_4.jpg,
217_1.jpg,79.0
217_2.jpg,121.0
218_1.jpg,78.0
218_2.jpg,139.0
219_1.jpg,102.0
219_2.jpg,136.0
21_1.jpg,41.0
21_2.jpg,62.0
220_1.jpg,32.0
220_2.jpg,32.0
221_1.jpg,
221_2.jpg,116.0
221_3.jpg,104.0
222_1.jpg,79.0
222_2.jpg,70.0
223_1.jpg,101.0
223_2.jpg,142.0
224_1.jpg,64.0
224_2.jpg,63.0
225_1.jpg,98.0
225_2.jpg,143.0
226_1.jpg,112.0
226_2.jpg,132.0
227_1.jpg,142.0
227_2.jpg,139.0
228_1.jpg,132.0
228_2.jpg,150.0
229_1.jpg,120.0
229_2.jpg,131.0
22_1.jpg,30.0
22_2.jpg,93.0
230_1.jpg,102.0
230_2.jpg,142.0
231_1.jpg,
231_2.jpg,149.0
231_3.jpg,129.0
231_4.jpg,
231_5.jpg,
232_1.jpg,43.0
232_2.jpg,137.0
233_1.jpg,135.0
233_2.jpg,145.0
234_1.jpg,111.0
234_2.jpg,150.0
235_1.jpg,110.0
235_2.jpg,67.0
236_1.jpg,21.0
236_2.jpg,141.0
237_1.jpg,
237_2.jpg,132.0
237_3.jpg,150.0
237_4.jpg,
238_1.jpg,150.0
238_2.jpg,148.0
239_1.jpg,59.0
239_2.jpg,149.0
239_3.jpg,
23_1.jpg,
23_2.jpg,132.0
23_3.jpg,87.0
240_1.jpg,
240_2.jpg,124.0
240_3.jpg,150.0
241_1.jpg,
241_2.jpg,29.0
241_3.jpg,150.0
242_1.jpg,96.0
242_2.jpg,142.0
243_1.jpg,90.0
243_2.jpg,113.0
244_1.jpg,
244_2.jpg,150.0
244_3.jpg,142.0
245_1.jpg,120.0
245_2.jpg,145.0
246_1.jpg,72.0
246_2.jpg,144.0
247_1.jpg,80.0
247_2.jpg,139.0
248_1.jpg,136.0
248_2.jpg,137.0
249_1.jpg,67.0
249_2.jpg,131.0
24_1.jpg,
24_2.jpg,28.0
24_3.jpg,25.0
250_1.jpg,67.0
250_2.jpg,131.0
251_1.jpg,97.0
251_2.jpg,138.0
252_1.jpg,95.0
252_2.jpg,150.0
253_1.jpg,77.0
253_2.jpg,145.0
254_1.jpg,82.0
254_2.jpg,146.0
255_1.jpg,93.0
255_2.jpg,146.0
256_1.jpg,57.0
256_2.jpg,141.0
257_1.jpg,
257_2.jpg,93.0
257_3.jpg,128.0
258_1.jpg,114.0
258_2.jpg,132.0
259_1.jpg,95.0
259_2.jpg,149.0
25_1.jpg,
25_2.jpg,134.0
25_3.jpg,79.0
260_1.jpg,106.0
260_2.jpg,145.0
261_1.jpg,57.0
261_2.jpg,125.0
262_1.jpg,112.0
262_2.jpg,144.0
263_1.jpg,104.0
263_2.jpg,92.0
264_1.jpg,85.0
264_2.jpg,149.0
265_1.jpg,74.0
265_2.jpg,144.0
266_1.jpg,63.0
266_2.jpg,139.0
267_1.jpg,110.0
267_2.jpg,147.0
268_1.jpg,95.0
268_2.jpg,144.0
269_1.jpg,114.0
269_2.jpg,138.0
26_1.jpg,87.0
26_2.jpg,108.0
270_1.jpg,141.0
270_2.jpg,122.0
270_3.jpg,
270_4.jpg,
271_1.jpg,
271_2.jpg,101.0
271_3.jpg,124.0
272_1.jpg,117.0
272_2.jpg,133.0
273_1.jpg,105.0
273_2.jpg,119.0
274_1.jpg,52.0
274_2.jpg,80.0
275_1.jpg,69.0
275_2.jpg,148.0
276_1.jpg,46.0
276_2.jpg,77.0
277_1.jpg,82.0
277_2.jpg,110.0
277_3.jpg,63.0
277_4.jpg,62.0
278_1.jpg,69.0
278_2.jpg,136.0
279_1.jpg,74.0
279_2.jpg,137.0
27_1.jpg,65.0
27_2.jpg,139.0
280_1.jpg,84.0
280_2.jpg,133.0
281_1.jpg,97.0
281_2.jpg,134.0
282_1.jpg,76.0
282_2.jpg,92.0
283_1.jpg,
283_2.jpg,87.0
283_3.jpg,132.0
284_1.jpg,
284_2.jpg,20.0
284_3.jpg,16.0
285_1.jpg,57.0
285_2.jpg,75.0
286_1.jpg,63.0
286_2.jpg,29.0
287_1.jpg,65.0
287_2.jpg,81.0
288_1.jpg,33.0
288_2.jpg,101.0
288_3.jpg,31.0
288_4.jpg,42.0
289_1.jpg,
289_2.jpg,14.0
289_3.jpg,128.0
28_1.jpg,64.0
28_2.jpg,100.0
290_1.jpg,
290_2.jpg,11.0
290_3.jpg,147.0
291_1.jpg,116.0
291_2.jpg,149.0
292_1.jpg,
292_2.jpg,12.0
292_3.jpg,7.0
292_4.jpg,
293_1.jpg,34.0
293_2.jpg,78.0
294_1.jpg,43.0
294_2.jpg,31.0
295_1.jpg,70.0
295_2.jpg,128.0
295_3.jpg,
295_4.jpg,
296_1.jpg,85.0
296_2.jpg,85.0
297_1.jpg,27.0
297_2.jpg,97.0
298_1.jpg,46.0
298_2.jpg,85.0
299_1.jpg,70.0
299_2.jpg,128.0
29_1.jpg,90.0
29_2.jpg,131.0
2_1.jpg,26.0
2_2.jpg,51.0
300_1.jpg,40.0
300_2.jpg,53.0
301_1.jpg,85.0
301_2.jpg,135.0
302_1.jpg,113.0
302_2.jpg,138.0
303_1.jpg,100.0
303_2.jpg,126.0
304_1.jpg,74.0
304_2.jpg,137.0
305_1.jpg,
305_2.jpg,16.0
305_3.jpg,9.0
306_1.jpg,112.0
306_2.jpg,116.0
307_1.jpg,
307_2.jpg,15.0
307_3.jpg,147.0
308_1.jpg,103.0
308_2.jpg,126.0
309_1.jpg,
309_2.jpg,41.0
309_3.jpg,110.0
30_1.jpg,75.0
30_2.jpg,120.0
310_1.jpg,10.0
310_2.jpg,8.0
310_3.jpg,
311_1.jpg,147.0
311_2.jpg,130.0
311_3.jpg,
312_1.jpg,94.0
312_2.jpg,145.0
313_1.jpg,
313_2.jpg,109.0
313_3.jpg,114.0
314_1.jpg,
314_2.jpg,28.0
314_3.jpg,134.0
315_1.jpg,99.0
315_2.jpg,150.0
316_1.jpg,126.0
316_2.jpg,145.0
317_1.jpg,102.0
317_2.jpg,149.0
318_1.jpg,96.0
318_2.jpg,150.0
319_1.jpg,
319_2.jpg,9.0
319_3.jpg,9.0
31_1.jpg,11.0
31_2.jpg,12.0
320_1.jpg,37.0
320_2.jpg,102.0
321_1.jpg,62.0
321_2.jpg,141.0
322_1.jpg,74.0
322_2.jpg,132.0
323_1.jpg,145.0
323_2.jpg,75.0
323_3.jpg,
324_1.jpg,
324_2.jpg,8.0
324_3.jpg,113.0
325_1.jpg,54.0
325_2.jpg,138.0
326_1.jpg,57.0
326_2.jpg,134.0
327_1.jpg,52.0
327_2.jpg,122.0
328_1.jpg,123.0
328_2.jpg,150.0
329_1.jpg,81.0
329_2.jpg,133.0
32_1.jpg,111.0
32_2.jpg,131.0
330_1.jpg,77.0
330_2.jpg,131.0
331_1.jpg,76.0
331_2.jpg,133.0
332_1.jpg,28.0
332_2.jpg,137.0
333_1.jpg,89.0
333_2.jpg,143.0
334_1.jpg,79.0
334_2.jpg,146.0
335_1.jpg,
335_2.jpg,9.0
335_3.jpg,56.0
336_1.jpg,109.0
336_2.jpg,148.0
337_1.jpg,127.0
337_2.jpg,150.0
338_1.jpg,82.0
338_2.jpg,149.0
339_1.jpg,
339_2.jpg,10.0
339_3.jpg,13.0
33_1.jpg,
33_2.jpg,113.0
33_3.jpg,41.0
340_1.jpg,65.0
340_2.jpg,84.0
341_1.jpg,58.0
341_2.jpg,143.0
342_1.jpg,116.0
342_2.jpg,142.0
343_1.jpg,98.0
343_2.jpg,145.0
344_1.jpg,96.0
344_2.jpg,131.0
345_1.jpg,76.0
345_2.jpg,119.0
346_1.jpg,81.0
346_2.jpg,102.0
347_1.jpg,76.0
347_2.jpg,139.0
348_1.jpg,60.0
348_2.jpg,136.0
349_1.jpg,66.0
349_2.jpg,132.0
34_1.jpg,72.0
34_2.jpg,124.0
350_1.jpg,
350_2.jpg,10.0
350_3.jpg,15.0
351_1.jpg,
351_2.jpg,81.0
351_3.jpg,133.0
352_1.jpg,106.0
352_2.jpg,129.0
353_1.jpg,96.0
353_2.jpg,124.0
354_1.jpg,107.0
354_2.jpg,122.0
355_1.jpg,101.0
355_2.jpg,123.0
356_1.jpg,98.0
356_2.jpg,121.0
357_1.jpg,81.0
357_2.jpg,111.0
358_1.jpg,
358_2.jpg,58.0
358_3.jpg,50.0
358_4.jpg,
359_1.jpg,83.0
359_2.jpg,134.0
35_1.jpg,65.0
35_2.jpg,124.0
360_1.jpg,20.0
360_2.jpg,26.0
361_1.jpg,138.0
361_2.jpg,125.0
361_3.jpg,
362_1.jpg,107.0
362_2.jpg,107.0
363_1.jpg,100.0
363_2.jpg,113.0
364_1.jpg,111.0
364_2.jpg,149.0
365_1.jpg,93.0
365_2.jpg,139.0
366_1.jpg,148.0
366_2.jpg,144.0
367_1.jpg,118.0
367_2.jpg,64.0
368_1.jpg,91.0
368_2.jpg,117.0
369_1.jpg,
369_2.jpg,19.0
369_3.jpg,132.0
36_1.jpg,76.0
36_2.jpg,110.0
370_1.jpg,79.0
370_2.jpg,118.0
371_1.jpg,98.0
371_2.jpg,149.0
372_1.jpg,50.0
372_2.jpg,85.0
373_1.jpg,
373_2.jpg,12.0
373_3.jpg,135.0
374_1.jpg,
374_2.jpg,12.0
374_3.jpg,89.0
375_1.jpg,
375_2.jpg,102.0
375_3.jpg,142.0
376_1.jpg,
376_2.jpg,137.0
376_3.jpg,150.0
377_1.jpg,107.0
377_2.jpg,128.0
378_1.jpg,62.0
378_2.jpg,148.0
379_1.jpg,
379_2.jpg,105.0
379_3.jpg,10.0
37_1.jpg,99.0
37_2.jpg,132.0
380_1.jpg,111.0
380_2.jpg,150.0
381_1.jpg,95.0
381_2.jpg,132.0
382_1.jpg,
382_2.jpg,18.0
382_3.jpg,10.0
383_1.jpg,
383_2.jpg,13.0
383_3.jpg,143.0
383_4.jpg,26.0
383_5.jpg,145.0
383_6.jpg,
384_1.jpg,72.0
384_2.jpg,72.0
384_3.jpg,114.0
386_1.jpg,87.0
386_2.jpg,150.0
387_1.jpg,78.0
387_2.jpg,145.0
388_1.jpg,69.0
388_2.jpg,148.0
389_1.jpg,102.0
389_2.jpg,131.0
38_1.jpg,42.0
38_2.jpg,108.0
390_1.jpg,
390_2.jpg,135.0
390_3.jpg,135.0
390_4.jpg,
391_1.jpg,
391_2.jpg,20.0
391_3.jpg,131.0
392_1.jpg,
392_2.jpg,14.0
392_3.jpg,146.0
393_1.jpg,77.0
393_2.jpg,71.0
393_3.jpg,
393_4.jpg,122.0
393_5.jpg,144.0
394_1.jpg,46.0
394_2.jpg,76.0
395_1.jpg,53.0
395_2.jpg,118.0
396_1.jpg,50.0
396_2.jpg,76.0
397_1.jpg,104.0
397_2.jpg,131.0
398_1.jpg,126.0
398_2.jpg,150.0
399_1.jpg,101.0
399_2.jpg,140.0
39_1.jpg,89.0
39_2.jpg,136.0
3_1.jpg,
3_2.jpg,
3_3.jpg,80.0
3_4.jpg,107.0
3_5.jpg,
400_1.jpg,105.0
400_2.jpg,121.0
401_1.jpg,96.0
401_2.jpg,123.0
402_1.jpg,
402_2.jpg,19.0
402_3.jpg,80.0
403_1.jpg,13.0
403_2.jpg,36.0
404_1.jpg,81.0
404_2.jpg,121.0
405_1.jpg,92.0
405_2.jpg,150.0
406_1.jpg,64.0
406_2.jpg,85.0
407_1.jpg,93.0
407_2.jpg,141.0
408_1.jpg,47.0
408_2.jpg,112.0
409_1.jpg,74.0
409_2.jpg,121.0
40_1.jpg,100.0
40_2.jpg,142.0
410_1.jpg,
410_2.jpg,105.0
410_3.jpg,125.0
411_1.jpg,
411_2.jpg,15.0
411_3.jpg,7.0
411_4.jpg,
412_1.jpg,
412_2.jpg,10.0
412_3.jpg,13.0
413_1.jpg,
413_2.jpg,130.0
413_3.jpg,106.0
414_1.jpg,
414_2.jpg,14.0
414_3.jpg,8.0
415_1.jpg,107.0
415_2.jpg,128.0
416_1.jpg,106.0
416_2.jpg,104.0
417_1.jpg,
417_2.jpg,10.0
417_3.jpg,9.0
418_1.jpg,92.0
418_2.jpg,148.0
419_1.jpg,
419_2.jpg,70.0
419_3.jpg,94.0
41_1.jpg,94.0
41_2.jpg,125.0
420_1.jpg,87.0
420_2.jpg,128.0
421_1.jpg,112.0
421_2.jpg,118.0
422_1.jpg,67.0
422_2.jpg,141.0
423_1.jpg,94.0
423_2.jpg,147.0
424_1.jpg,78.0
424_2.jpg,129.0
425_1.jpg,105.0
425_2.jpg,141.0
426_1.jpg,90.0
426_2.jpg,143.0
427_1.jpg,
427_2.jpg,15.0
427_3.jpg,14.0
428_1.jpg,34.0
428_2.jpg,89.0
429_1.jpg,108.0
429_2.jpg,141.0
42_1.jpg,23.0
42_2.jpg,76.0
430_1.jpg,
430_2.jpg,14.0
430_3.jpg,10.0
431_1.jpg,81.0
431_2.jpg,148.0
432_1.jpg,
432_2.jpg,9.0
432_3.jpg,11.0
433_1.jpg,
433_2.jpg,124.0
433_3.jpg,146.0
434_1.jpg,
434_2.jpg,22.0
434_3.jpg,9.0
435_1.jpg,127.0
435_2.jpg,150.0
436_1.jpg,
436_2.jpg,74.0
436_3.jpg,82.0
437_1.jpg,
437_2.jpg,11.0
437_3.jpg,10.0
438_1.jpg,
438_2.jpg,15.0
438_3.jpg,10.0
439_1.jpg,66.0
439_2.jpg,112.0
43_1.jpg,15.0
43_2.jpg,55.0
440_1.jpg,110.0
440_2.jpg,125.0
441_1.jpg,
441_2.jpg,71.0
441_3.jpg,118.0
442_1.jpg,
442_2.jpg,64.0
442_3.jpg,121.0
443_1.jpg,
443_2.jpg,68.0
443_3.jpg,109.0
444_1.jpg,
444_2.jpg,66.0
444_3.jpg,108.0
445_1.jpg,
445_2.jpg,106.0
445_3.jpg,94.0
446_1.jpg,90.0
446_2.jpg,66.0
447_1.jpg,105.0
447_2.jpg,105.0
448_1.jpg,
448_2.jpg,89.0
448_3.jpg,113.0
449_1.jpg,
449_2.jpg,60.0
449_3.jpg,94.0
449_4.jpg,41.0
449_5.jpg,31.0
44_1.jpg,23.0
44_2.jpg,43.0
450_1.jpg,
450_2.jpg,43.0
450_3.jpg,105.0
451_1.jpg,
451_2.jpg,98.0
451_3.jpg,144.0
452_1.jpg,41.0
452_2.jpg,80.0
453_1.jpg,
453_2.jpg,13.0
453_3.jpg,8.0
457_1.jpg,
457_2.jpg,107.0
457_3.jpg,83.0
457_4.jpg,
459_1.jpg,79.0
459_2.jpg,116.0
45_1.jpg,
45_2.jpg,140.0
45_3.jpg,110.0
460_1.jpg,78.0
460_2.jpg,106.0
467_1.jpg,
467_2.jpg,138.0
467_3.jpg,98.0
46_1.jpg,65.0
46_2.jpg,119.0
476_1.jpg,
476_2.jpg,91.0
476_3.jpg,79.0
477_1.jpg,61.0
477_2.jpg,89.0
47_1.jpg,79.0
47_2.jpg,125.0
483_1.jpg,
483_2.jpg,54.0
483_3.jpg,134.0
48_1.jpg,104.0
48_2.jpg,126.0
49_1.jpg,13.0
49_2.jpg,30.0
4_1.jpg,
4_2.jpg,111.0
4_3.jpg,74.0
50_1.jpg,19.0
51_1.jpg,
51_2.jpg,145.0
51_3.jpg,69.0
52_1.jpg,
52_2.jpg,148.0
52_3.jpg,92.0
53_1.jpg,
53_2.jpg,106.0
53_3.jpg,104.0
54_1.jpg,17.0
54_2.jpg,28.0
55_1.jpg,36.0
55_2.jpg,80.0
56_1.jpg,28.0
56_2.jpg,106.0
57_1.jpg,28.0
57_2.jpg,70.0
58_1.jpg,18.0
58_2.jpg,77.0
59_1.jpg,13.0
59_2.jpg,37.0
5_1.jpg,
5_2.jpg,109.0
5_3.jpg,50.0
61_1.jpg,
61_2.jpg,136.0
61_3.jpg,78.0
62_1.jpg,
62_2.jpg,144.0
62_3.jpg,79.0
63_1.jpg,
63_2.jpg,149.0
63_3.jpg,77.0
64_1.jpg,94.0
64_2.jpg,150.0
65_1.jpg,36.0
65_2.jpg,39.0
66_1.jpg,48.0
66_2.jpg,105.0
67_1.jpg,105.0
67_2.jpg,143.0
68_1.jpg,18.0
68_2.jpg,77.0
69_1.jpg,9.0
69_2.jpg,45.0
6_1.jpg,54.0
6_2.jpg,129.0
70_1.jpg,18.0
70_2.jpg,20.0
71_1.jpg,13.0
71_2.jpg,71.0
72_1.jpg,26.0
72_2.jpg,37.0
73_1.jpg,18.0
73_2.jpg,15.0
74_1.jpg,25.0
74_2.jpg,71.0
75_1.jpg,26.0
75_2.jpg,41.0
76_1.jpg,25.0
76_2.jpg,72.0
77_1.jpg,18.0
77_2.jpg,67.0
78_1.jpg,
78_2.jpg,138.0
78_3.jpg,103.0
79_1.jpg,
79_2.jpg,130.0
79_3.jpg,102.0
7_1.jpg,61.0
7_2.jpg,105.0
80_1.jpg,
80_2.jpg,128.0
80_3.jpg,80.0
81_1.jpg,
81_2.jpg,116.0
81_3.jpg,124.0
82_1.jpg,
82_2.jpg,135.0
82_3.jpg,95.0
83_1.jpg,80.0
83_2.jpg,150.0
84_1.jpg,113.0
84_2.jpg,122.0
85_1.jpg,24.0
85_2.jpg,19.0
86_1.jpg,
87_1.jpg,25.0
87_2.jpg,66.0
88_1.jpg,116.0
88_2.jpg,124.0
89_1.jpg,
89_2.jpg,143.0
89_3.jpg,91.0
8_1.jpg,80.0
8_2.jpg,141.0
90_1.jpg,82.0
90_2.jpg,142.0
91_1.jpg,82.0
91_2.jpg,119.0
92_1.jpg,84.0
92_2.jpg,137.0
93_1.jpg,48.0
93_2.jpg,132.0
94_1.jpg,106.0
94_2.jpg,149.0
95_1.jpg,25.0
95_2.jpg,66.0
96_1.jpg,30.0
96_2.jpg,72.0
97_1.jpg,24.0
97_2.jpg,99.0
98_1.jpg,30.0
98_2.jpg,63.0
99_1.jpg,23.0
99_2.jpg,90.0
9_1.jpg,75.0
9_2.jpg,148.0
