name,size
100_2.jpg,2538
101_2.jpg,2305
102_2.jpg,2308
103_2.jpg,2526
102_1.jpg,2300
104_2.jpg,2511
100_1.jpg,2507
101_1.jpg,2275
103_1.jpg,2627
105_2.jpg,2543
104_1.jpg,2500
106_2.jpg,2515
105_1.jpg,2541
107_2.jpg,2540
106_1.jpg,2531
109_2.jpg,2538
107_1.jpg,2517
10_2.jpg,1406
109_1.jpg,2499
110_2.jpg,2521
10_1.jpg,1399
111_2.jpg,866
112_3.jpg,858
110_1.jpg,2552
113_2.jpg,2565
111_3.jpg,853
112_2.jpg,853
114_3.jpg,852
113_1.jpg,2556
115_2.jpg,855
116_2.jpg,847
117_2.jpg,848
114_2.jpg,849
115_3.jpg,848
116_1.jpg,843
118_2.jpg,820
117_1.jpg,846
119_2.jpg,1715
118_1.jpg,833
11_2.jpg,1412
119_1.jpg,1683
120_2.jpg,2342
121_2.jpg,2326
11_1.jpg,1400
120_1.jpg,2316
122_2.jpg,2360
121_1.jpg,2327
123_2.jpg,2508
122_1.jpg,2349
124_2.jpg,842
123_1.jpg,2499
125_2.jpg,828
124_1.jpg,836
126_3.jpg,850
127_2.jpg,832
125_3.jpg,830
126_2.jpg,850
128_2.jpg,824
127_1.jpg,824
129_2.jpg,837
128_1.jpg,816
129_1.jpg,834
12_2.jpg,1400
12_1.jpg,1383
130_2.jpg,850
131_2.jpg,826
132_2.jpg,2501
131_1.jpg,823
130_1.jpg,845
133_2.jpg,2258
132_1.jpg,2489
134_2.jpg,2504
133_1.jpg,2242
135_2.jpg,2383
134_1.jpg,2464
136_2.jpg,847
135_1.jpg,2378
137_2.jpg,853
138_2.jpg,850
136_3.jpg,846
139_2.jpg,849
137_1.jpg,846
13_2.jpg,1410
138_3.jpg,845
140_2.jpg,846
139_1.jpg,845
141_2.jpg,2115
13_1.jpg,1427
142_1.jpg,2541
140_3.jpg,846
142_2.jpg,2555
143_1.jpg,2548
141_1.jpg,2110
143_2.jpg,2571
144_1.jpg,2510
144_2.jpg,2559
145_1.jpg,848
145_2.jpg,849
146_1.jpg,838
146_2.jpg,845
147_1.jpg,853
147_2.jpg,861
148_1.jpg,850
148_2.jpg,846
149_1.jpg,2579
149_2.jpg,2559
14_1.jpg,2550
14_2.jpg,2553
150_1.jpg,2389
150_2.jpg,2396
151_1.jpg,2529
151_2.jpg,2562
152_1.jpg,2588
152_2.jpg,2556
153_1.jpg,2529
153_2.jpg,2562
154_1.jpg,2389
154_2.jpg,2396
155_1.jpg,848
155_2.jpg,850
156_1.jpg,2198
156_2.jpg,2204
157_1.jpg,793
157_2.jpg,801
158_1.jpg,2198
158_2.jpg,2204
159_1.jpg,799
159_2.jpg,796
15_1.jpg,1093
15_2.jpg,1095
160_1.jpg,790
160_2.jpg,800
161_1.jpg,796
161_2.jpg,801
162_2.jpg,785
162_3.jpg,799
163_1.jpg,794
163_2.jpg,802
164_1.jpg,894
164_2.jpg,899
165_1.jpg,887
165_2.jpg,908
166_1.jpg,2147
166_2.jpg,2146
167_1.jpg,2108
167_2.jpg,2131
168_1.jpg,1212
168_2.jpg,1218
169_1.jpg,2541
169_2.jpg,2556
16_2.jpg,1107
16_3.jpg,1093
170_2.jpg,1202
171_2.jpg,754
172_1.jpg,980
172_2.jpg,1000
173_1.jpg,746
173_2.jpg,746
174_1.jpg,747
174_2.jpg,738
175_1.jpg,676
175_2.jpg,688
176_1.jpg,993
176_2.jpg,1000
177_1.jpg,896
177_2.jpg,893
178_1.jpg,989
178_2.jpg,995
179_1.jpg,796
179_2.jpg,796
17_2.jpg,1107
17_3.jpg,1109
180_1.jpg,993
180_2.jpg,1092
181_2.jpg,1036
181_3.jpg,1696
182_1.jpg,747
182_2.jpg,797
183_1.jpg,775
183_2.jpg,839
184_1.jpg,720
184_2.jpg,771
185_1.jpg,829
185_2.jpg,835
186_1.jpg,896
186_2.jpg,904
187_2.jpg,956
188_1.jpg,899
188_2.jpg,902
189_1.jpg,998
189_2.jpg,1006
18_1.jpg,1092
18_2.jpg,1096
190_1.jpg,997
190_2.jpg,1001
191_1.jpg,989
191_2.jpg,1003
192_1.jpg,769
192_2.jpg,769
193_1.jpg,687
193_2.jpg,688
194_1.jpg,697
194_2.jpg,701
195_1.jpg,698
195_2.jpg,699
196_1.jpg,698
196_2.jpg,765
197_1.jpg,695
197_2.jpg,697
198_1.jpg,739
198_2.jpg,736
199_1.jpg,741
199_2.jpg,770
19_1.jpg,2562
19_2.jpg,2547
1_1.jpg,2539
1_2.jpg,2537
200_1.jpg,764
200_2.jpg,767
201_1.jpg,764
201_2.jpg,770
202_1.jpg,752
202_2.jpg,760
203_1.jpg,806
203_2.jpg,812
204_2.jpg,769
204_3.jpg,771
205_1.jpg,767
205_2.jpg,775
206_1.jpg,754
206_2.jpg,753
20_2.jpg,2415
20_3.jpg,2430
210_1.jpg,773
210_2.jpg,771
211_1.jpg,752
211_2.jpg,761
212_1.jpg,777
212_2.jpg,789
213_1.jpg,764
213_2.jpg,771
214_1.jpg,771
214_2.jpg,769
215_1.jpg,818
215_2.jpg,823
216_1.jpg,813
216_2.jpg,833
217_1.jpg,764
217_2.jpg,771
218_1.jpg,767
218_2.jpg,766
219_1.jpg,761
219_2.jpg,766
21_1.jpg,2540
21_2.jpg,2559
220_1.jpg,764
220_2.jpg,771
221_2.jpg,754
221_3.jpg,751
222_1.jpg,765
222_2.jpg,762
223_1.jpg,763
223_2.jpg,766
224_1.jpg,754
224_2.jpg,741
225_1.jpg,755
225_2.jpg,753
226_1.jpg,751
226_2.jpg,763
227_1.jpg,760
227_2.jpg,762
228_1.jpg,763
228_2.jpg,766
229_1.jpg,764
229_2.jpg,757
22_1.jpg,2558
22_2.jpg,2558
230_1.jpg,766
230_2.jpg,760
231_2.jpg,757
231_3.jpg,748
232_1.jpg,752
232_2.jpg,762
233_1.jpg,752
233_2.jpg,753
234_1.jpg,745
234_2.jpg,758
235_1.jpg,757
235_2.jpg,753
236_1.jpg,753
236_2.jpg,754
237_2.jpg,725
237_3.jpg,721
238_1.jpg,689
238_2.jpg,674
239_1.jpg,679
239_2.jpg,688
23_2.jpg,1098
23_3.jpg,1102
240_2.jpg,755
240_3.jpg,761
241_2.jpg,743
241_3.jpg,746
242_1.jpg,731
242_2.jpg,734
243_1.jpg,718
243_2.jpg,725
244_2.jpg,749
244_3.jpg,752
245_1.jpg,757
245_2.jpg,765
246_1.jpg,755
246_2.jpg,760
247_1.jpg,740
247_2.jpg,748
248_1.jpg,746
248_2.jpg,732
249_1.jpg,737
249_2.jpg,738
24_2.jpg,1107
24_3.jpg,1086
250_1.jpg,737
250_2.jpg,738
251_1.jpg,747
251_2.jpg,749
252_1.jpg,735
252_2.jpg,755
253_1.jpg,670
253_2.jpg,763
254_1.jpg,752
254_2.jpg,753
255_1.jpg,743
255_2.jpg,749
256_1.jpg,745
256_2.jpg,749
257_2.jpg,757
257_3.jpg,741
258_1.jpg,746
258_2.jpg,755
259_1.jpg,754
259_2.jpg,735
25_2.jpg,1106
25_3.jpg,1099
260_1.jpg,747
260_2.jpg,752
261_1.jpg,736
261_2.jpg,746
262_1.jpg,747
262_2.jpg,747
263_1.jpg,745
263_2.jpg,756
264_1.jpg,706
264_2.jpg,758
265_1.jpg,696
265_2.jpg,689
266_1.jpg,742
266_2.jpg,736
267_1.jpg,740
267_2.jpg,714
268_1.jpg,741
268_2.jpg,746
269_1.jpg,747
269_2.jpg,745
26_1.jpg,1090
26_2.jpg,1101
270_1.jpg,695
270_2.jpg,677
271_2.jpg,751
271_3.jpg,748
272_1.jpg,713
272_2.jpg,694
273_1.jpg,745
273_2.jpg,756
274_1.jpg,707
274_2.jpg,713
275_1.jpg,751
275_2.jpg,756
276_1.jpg,744
276_2.jpg,745
277_1.jpg,745
277_2.jpg,754
277_3.jpg,748
277_4.jpg,750
278_1.jpg,747
278_2.jpg,758
279_1.jpg,744
279_2.jpg,750
27_1.jpg,1086
27_2.jpg,1110
280_1.jpg,750
280_2.jpg,752
281_1.jpg,752
281_2.jpg,756
282_1.jpg,753
282_2.jpg,754
283_2.jpg,757
283_3.jpg,769
284_2.jpg,744
284_3.jpg,751
285_1.jpg,760
285_2.jpg,763
286_1.jpg,754
286_2.jpg,759
287_1.jpg,758
287_2.jpg,757
288_1.jpg,755
288_2.jpg,760
288_3.jpg,761
288_4.jpg,762
289_2.jpg,769
289_3.jpg,752
28_1.jpg,1091
28_2.jpg,1105
290_2.jpg,687
290_3.jpg,690
291_1.jpg,760
291_2.jpg,756
292_2.jpg,708
292_3.jpg,718
293_1.jpg,758
293_2.jpg,762
294_1.jpg,749
294_2.jpg,754
295_1.jpg,761
295_2.jpg,760
296_1.jpg,631
296_2.jpg,626
297_1.jpg,622
297_2.jpg,631
298_1.jpg,760
298_2.jpg,762
299_1.jpg,761
299_2.jpg,760
29_1.jpg,1092
29_2.jpg,1096
2_1.jpg,2550
2_2.jpg,2567
300_1.jpg,717
300_2.jpg,721
301_1.jpg,760
301_2.jpg,755
302_1.jpg,752
302_2.jpg,757
303_1.jpg,972
303_2.jpg,973
304_1.jpg,743
304_2.jpg,739
305_2.jpg,691
305_3.jpg,705
306_1.jpg,681
306_2.jpg,688
307_2.jpg,716
307_3.jpg,736
308_1.jpg,761
308_2.jpg,765
309_2.jpg,736
309_3.jpg,738
30_1.jpg,1086
30_2.jpg,1099
310_1.jpg,651
310_2.jpg,645
311_1.jpg,627
311_2.jpg,633
312_1.jpg,762
312_2.jpg,764
313_2.jpg,742
313_3.jpg,758
314_2.jpg,700
314_3.jpg,654
315_1.jpg,749
315_2.jpg,755
316_1.jpg,763
316_2.jpg,767
317_1.jpg,760
317_2.jpg,764
318_1.jpg,764
318_2.jpg,765
319_2.jpg,608
319_3.jpg,682
31_1.jpg,2510
31_2.jpg,2435
320_1.jpg,756
320_2.jpg,757
321_1.jpg,753
321_2.jpg,722
322_1.jpg,759
322_2.jpg,764
323_1.jpg,763
323_2.jpg,768
324_2.jpg,685
324_3.jpg,685
325_1.jpg,684
325_2.jpg,717
326_1.jpg,760
326_2.jpg,761
327_1.jpg,764
327_2.jpg,765
328_1.jpg,730
328_2.jpg,721
329_1.jpg,692
329_2.jpg,724
32_1.jpg,843
32_2.jpg,852
330_1.jpg,719
330_2.jpg,718
331_1.jpg,744
331_2.jpg,748
332_1.jpg,759
332_2.jpg,741
333_1.jpg,718
333_2.jpg,707
334_1.jpg,707
334_2.jpg,708
335_2.jpg,798
335_3.jpg,754
336_1.jpg,709
336_2.jpg,710
337_1.jpg,708
337_2.jpg,709
338_1.jpg,624
338_2.jpg,628
339_2.jpg,753
339_3.jpg,704
33_2.jpg,1107
33_3.jpg,1085
340_1.jpg,745
340_2.jpg,751
341_1.jpg,709
341_2.jpg,725
342_1.jpg,732
342_2.jpg,726
343_1.jpg,725
343_2.jpg,721
344_1.jpg,673
344_2.jpg,702
345_1.jpg,712
345_2.jpg,708
346_1.jpg,746
346_2.jpg,754
347_1.jpg,674
347_2.jpg,681
348_1.jpg,692
348_2.jpg,692
349_1.jpg,714
349_2.jpg,683
34_1.jpg,1104
34_2.jpg,1111
350_2.jpg,691
350_3.jpg,708
351_2.jpg,760
351_3.jpg,750
352_1.jpg,705
352_2.jpg,691
353_1.jpg,681
353_2.jpg,682
354_1.jpg,706
354_2.jpg,715
355_1.jpg,714
355_2.jpg,704
356_1.jpg,707
356_2.jpg,723
357_1.jpg,900
357_2.jpg,902
358_2.jpg,743
358_3.jpg,739
359_1.jpg,701
359_2.jpg,671
35_1.jpg,1094
35_2.jpg,1103
360_1.jpg,669
360_2.jpg,701
361_1.jpg,911
361_2.jpg,907
362_1.jpg,675
362_2.jpg,695
363_1.jpg,713
363_2.jpg,716
364_1.jpg,727
364_2.jpg,719
365_1.jpg,737
365_2.jpg,734
366_1.jpg,745
366_2.jpg,746
367_1.jpg,730
367_2.jpg,776
368_1.jpg,750
368_2.jpg,736
369_2.jpg,708
369_3.jpg,700
36_1.jpg,1100
36_2.jpg,1104
370_1.jpg,746
370_2.jpg,732
371_1.jpg,729
371_2.jpg,717
372_1.jpg,712
372_2.jpg,720
373_2.jpg,726
373_3.jpg,715
374_2.jpg,685
374_3.jpg,740
375_2.jpg,731
375_3.jpg,723
376_2.jpg,726
376_3.jpg,718
377_1.jpg,760
377_2.jpg,746
378_1.jpg,742
378_2.jpg,741
379_2.jpg,729
379_3.jpg,755
37_1.jpg,1094
37_2.jpg,1098
380_1.jpg,733
380_2.jpg,712
381_1.jpg,731
381_2.jpg,732
382_2.jpg,666
382_3.jpg,642
383_2.jpg,708
383_3.jpg,706
383_4.jpg,665
383_5.jpg,696
384_1.jpg,991
384_2.jpg,991
384_3.jpg,1241
385_1.jpg,991
385_2.jpg,991
385_3.jpg,1241
386_1.jpg,700
386_2.jpg,697
387_1.jpg,722
387_2.jpg,720
388_1.jpg,739
388_2.jpg,709
389_1.jpg,726
389_2.jpg,716
38_1.jpg,1099
38_2.jpg,1103
390_2.jpg,746
390_3.jpg,737
391_2.jpg,714
391_3.jpg,722
392_2.jpg,701
392_3.jpg,724
393_1.jpg,1074
393_2.jpg,1075
393_4.jpg,985
393_5.jpg,988
394_1.jpg,701
394_2.jpg,716
395_1.jpg,713
395_2.jpg,738
396_1.jpg,751
396_2.jpg,742
397_1.jpg,735
397_2.jpg,737
398_1.jpg,705
398_2.jpg,722
399_1.jpg,724
399_2.jpg,709
39_1.jpg,1093
39_2.jpg,1100
3_3.jpg,1494
3_4.jpg,1503
400_1.jpg,754
400_2.jpg,744
401_1.jpg,701
401_2.jpg,696
402_2.jpg,726
402_3.jpg,731
403_1.jpg,750
403_2.jpg,760
404_1.jpg,747
404_2.jpg,737
405_1.jpg,750
405_2.jpg,752
406_1.jpg,1030
406_2.jpg,1034
407_1.jpg,690
407_2.jpg,709
408_1.jpg,713
408_2.jpg,708
409_1.jpg,738
409_2.jpg,708
40_1.jpg,1087
40_2.jpg,1090
410_2.jpg,1454
410_3.jpg,1463
411_2.jpg,731
411_3.jpg,720
412_2.jpg,706
412_3.jpg,744
413_2.jpg,1377
413_3.jpg,1376
414_2.jpg,742
414_3.jpg,700
415_1.jpg,718
415_2.jpg,724
416_1.jpg,720
416_2.jpg,719
417_2.jpg,730
417_3.jpg,689
418_1.jpg,726
418_2.jpg,727
419_2.jpg,738
419_3.jpg,745
41_1.jpg,849
41_2.jpg,851
420_1.jpg,732
420_2.jpg,712
421_1.jpg,708
421_2.jpg,680
422_1.jpg,708
422_2.jpg,718
423_1.jpg,698
423_2.jpg,725
424_1.jpg,707
424_2.jpg,673
425_1.jpg,697
425_2.jpg,699
426_1.jpg,678
426_2.jpg,714
427_2.jpg,711
427_3.jpg,650
428_1.jpg,711
428_2.jpg,731
429_1.jpg,728
429_2.jpg,721
42_1.jpg,2524
42_2.jpg,2541
430_2.jpg,711
430_3.jpg,678
431_1.jpg,707
431_2.jpg,750
432_2.jpg,567
432_3.jpg,753
433_2.jpg,601
433_3.jpg,640
434_2.jpg,633
434_3.jpg,589
435_1.jpg,575
435_2.jpg,610
436_2.jpg,559
436_3.jpg,545
437_2.jpg,614
437_3.jpg,662
438_2.jpg,580
438_3.jpg,567
439_1.jpg,550
439_2.jpg,576
43_1.jpg,2592
43_2.jpg,2555
440_1.jpg,583
440_2.jpg,585
441_2.jpg,587
441_3.jpg,582
442_2.jpg,600
442_3.jpg,595
443_2.jpg,615
443_3.jpg,594
444_2.jpg,741
444_3.jpg,605
445_2.jpg,584
445_3.jpg,586
446_1.jpg,560
446_2.jpg,567
447_1.jpg,568
447_2.jpg,573
448_2.jpg,611
448_3.jpg,623
449_2.jpg,561
449_3.jpg,580
449_4.jpg,554
449_5.jpg,572
44_1.jpg,2538
44_2.jpg,2613
450_2.jpg,707
450_3.jpg,742
451_2.jpg,744
451_3.jpg,750
452_1.jpg,577
452_2.jpg,577
453_2.jpg,634
453_3.jpg,677
457_2.jpg,648
457_3.jpg,653
459_1.jpg,732
459_2.jpg,734
45_2.jpg,853
45_3.jpg,845
460_1.jpg,595
460_2.jpg,608
467_2.jpg,547
467_3.jpg,559
46_1.jpg,845
46_2.jpg,848
476_2.jpg,1475
476_3.jpg,1476
477_1.jpg,1021
477_2.jpg,1023
47_1.jpg,845
47_2.jpg,849
483_2.jpg,579
483_3.jpg,592
48_1.jpg,845
48_2.jpg,847
49_1.jpg,2564
49_2.jpg,2572
4_2.jpg,1395
4_3.jpg,1395
50_1.jpg,2543
51_2.jpg,845
51_3.jpg,848
52_2.jpg,851
52_3.jpg,836
53_2.jpg,940
53_3.jpg,932
54_1.jpg,2511
54_2.jpg,2569
55_1.jpg,2536
55_2.jpg,2553
56_1.jpg,2254
56_2.jpg,2277
57_1.jpg,2577
57_2.jpg,2563
58_1.jpg,2571
58_2.jpg,2552
59_1.jpg,2546
59_2.jpg,2565
5_2.jpg,1417
5_3.jpg,1392
61_2.jpg,854
61_3.jpg,844
62_2.jpg,849
62_3.jpg,841
63_2.jpg,846
63_3.jpg,842
64_1.jpg,840
64_2.jpg,850
65_1.jpg,848
65_2.jpg,847
66_1.jpg,846
66_2.jpg,852
67_1.jpg,842
67_2.jpg,848
68_1.jpg,2571
68_2.jpg,2552
69_1.jpg,2506
69_2.jpg,2552
6_1.jpg,1402
6_2.jpg,1413
70_1.jpg,2522
70_2.jpg,2545
71_1.jpg,2573
71_2.jpg,2559
72_1.jpg,2550
72_2.jpg,2573
73_1.jpg,2557
73_2.jpg,2583
74_1.jpg,2552
74_2.jpg,2565
75_1.jpg,2539
75_2.jpg,2570
76_1.jpg,2559
76_2.jpg,2565
77_1.jpg,2544
77_2.jpg,2538
78_2.jpg,833
78_3.jpg,824
79_2.jpg,833
79_3.jpg,816
7_1.jpg,1397
7_2.jpg,1402
80_2.jpg,844
80_3.jpg,840
81_2.jpg,851
81_3.jpg,846
82_2.jpg,848
82_3.jpg,842
83_1.jpg,845
83_2.jpg,850
84_1.jpg,846
84_2.jpg,849
85_1.jpg,2538
85_2.jpg,2535
87_1.jpg,2561
87_2.jpg,2565
88_1.jpg,851
88_2.jpg,857
89_2.jpg,850
89_3.jpg,845
8_1.jpg,1398
8_2.jpg,1399
90_1.jpg,843
90_2.jpg,847
91_1.jpg,842
91_2.jpg,849
92_1.jpg,845
92_2.jpg,855
93_1.jpg,850
93_2.jpg,852
94_1.jpg,844
94_2.jpg,851
95_1.jpg,2561
95_2.jpg,2565
96_1.jpg,2538
96_2.jpg,2562
97_1.jpg,2529
97_2.jpg,2561
98_1.jpg,2469
98_2.jpg,2476
99_1.jpg,2532
99_2.jpg,2552
9_1.jpg,1387
9_2.jpg,1400
